{"cameraMode":{"drawMode":0,"name":"Shaded","section":"Shading Mode"},"sceneLighting":false,"audioPlay":false,"sceneViewState":{"m_AlwaysRefresh":false,"showFog":true,"showSkybox":false,"showFlares":true,"showImageEffects":true,"showParticleSystems":true,"showVisualEffectGraphs":true,"m_FxEnabled":true},"in2DMode":false,"pivot":{"x":-0.2720364034175873,"y":1.3700000047683716,"z":-0.47681301832199099},"rotation":{"x":-0.2538374960422516,"y":0.23253943026065827,"z":-0.06310402601957321,"w":-0.9368739128112793},"size":0.2597729563713074,"orthographic":false}